DATAFLOW,LAST UPDATE,freq,indic_bt,nace_r2,s_adj,unit,geo,TIME_PERIOD,OBS_VALUE,OBS_FLAG
ESTAT:STS_INPP_M(1.0),21/01/25 11:00:00,Monthly,Producer prices,"Industry (except construction, sewerage, waste management and remediation activities)",Unadjusted data (i.e. neither seasonally adjusted nor calendar adjusted data),"Index, 2021=100",Euro area – 20 countries (from 2023),2000-01,70.8,s
ESTAT:STS_INPP_M(1.0),21/01/25 11:00:00,Monthly,Producer prices,"Industry (except construction, sewerage, waste management and remediation activities)",Unadjusted data (i.e. neither seasonally adjusted nor calendar adjusted data),"Index, 2021=100",Euro area – 20 countries (from 2023),2000-02,71.0,s
ESTAT:STS_INPP_M(1.0),21/01/25 11:00:00,Monthly,Producer prices,"Industry (except construction, sewerage, waste management and remediation activities)",Unadjusted data (i.e. neither seasonally adjusted nor calendar adjusted data),"Index, 2021=100",Euro area – 20 countries (from 2023),2000-03,71.4,s
ESTAT:STS_INPP_M(1.0),21/01/25 11:00:00,Monthly,Producer prices,"Industry (except construction, sewerage, waste management and remediation activities)",Unadjusted data (i.e. neither seasonally adjusted nor calendar adjusted data),"Index, 2021=100",Euro area – 20 countries (from 2023),2000-04,71.6,s
ESTAT:STS_INPP_M(1.0),21/01/25 11:00:00,Monthly,Producer prices,"Industry (except construction, sewerage, waste management and remediation activities)",Unadjusted data (i.e. neither seasonally adjusted nor calendar adjusted data),"Index, 2021=100",Euro area – 20 countries (from 2023),2000-05,72.2,s
ESTAT:STS_INPP_M(1.0),21/01/25 11:00:00,Monthly,Producer prices,"Industry (except construction, sewerage, waste management and remediation activities)",Unadjusted data (i.e. neither seasonally adjusted nor calendar adjusted data),"Index, 2021=100",Euro area – 20 countries (from 2023),2000-06,72.5,s
ESTAT:STS_INPP_M(1.0),21/01/25 11:00:00,Monthly,Producer prices,"Industry (except construction, sewerage, waste management and remediation activities)",Unadjusted data (i.e. neither seasonally adjusted nor calendar adjusted data),"Index, 2021=100",Euro area – 20 countries (from 2023),2000-07,72.9,s
ESTAT:STS_INPP_M(1.0),21/01/25 11:00:00,Monthly,Producer prices,"Industry (except construction, sewerage, waste management and remediation activities)",Unadjusted data (i.e. neither seasonally adjusted nor calendar adjusted data),"Index, 2021=100",Euro area – 20 countries (from 2023),2000-08,73.3,s
ESTAT:STS_INPP_M(1.0),21/01/25 11:00:00,Monthly,Producer prices,"Industry (except construction, sewerage, waste management and remediation activities)",Unadjusted data (i.e. neither seasonally adjusted nor calendar adjusted data),"Index, 2021=100",Euro area – 20 countries (from 2023),2000-09,74.2,s
ESTAT:STS_INPP_M(1.0),21/01/25 11:00:00,Monthly,Producer prices,"Industry (except construction, sewerage, waste management and remediation activities)",Unadjusted data (i.e. neither seasonally adjusted nor calendar adjusted data),"Index, 2021=100",Euro area – 20 countries (from 2023),2000-10,74.8,s
ESTAT:STS_INPP_M(1.0),21/01/25 11:00:00,Monthly,Producer prices,"Industry (except construction, sewerage, waste management and remediation activities)",Unadjusted data (i.e. neither seasonally adjusted nor calendar adjusted data),"Index, 2021=100",Euro area – 20 countries (from 2023),2000-11,74.9,s
ESTAT:STS_INPP_M(1.0),21/01/25 11:00:00,Monthly,Producer prices,"Industry (except construction, sewerage, waste management and remediation activities)",Unadjusted data (i.e. neither seasonally adjusted nor calendar adjusted data),"Index, 2021=100",Euro area – 20 countries (from 2023),2000-12,74.5,s
ESTAT:STS_INPP_M(1.0),21/01/25 11:00:00,Monthly,Producer prices,"Industry (except construction, sewerage, waste management and remediation activities)",Unadjusted data (i.e. neither seasonally adjusted nor calendar adjusted data),"Index, 2021=100",Euro area – 20 countries (from 2023),2001-01,74.8,s
ESTAT:STS_INPP_M(1.0),21/01/25 11:00:00,Monthly,Producer prices,"Industry (except construction, sewerage, waste management and remediation activities)",Unadjusted data (i.e. neither seasonally adjusted nor calendar adjusted data),"Index, 2021=100",Euro area – 20 countries (from 2023),2001-02,75.0,s
ESTAT:STS_INPP_M(1.0),21/01/25 11:00:00,Monthly,Producer prices,"Industry (except construction, sewerage, waste management and remediation activities)",Unadjusted data (i.e. neither seasonally adjusted nor calendar adjusted data),"Index, 2021=100",Euro area – 20 countries (from 2023),2001-03,75.1,s
ESTAT:STS_INPP_M(1.0),21/01/25 11:00:00,Monthly,Producer prices,"Industry (except construction, sewerage, waste management and remediation activities)",Unadjusted data (i.e. neither seasonally adjusted nor calendar adjusted data),"Index, 2021=100",Euro area – 20 countries (from 2023),2001-04,75.6,s
ESTAT:STS_INPP_M(1.0),21/01/25 11:00:00,Monthly,Producer prices,"Industry (except construction, sewerage, waste management and remediation activities)",Unadjusted data (i.e. neither seasonally adjusted nor calendar adjusted data),"Index, 2021=100",Euro area – 20 countries (from 2023),2001-05,75.8,s
ESTAT:STS_INPP_M(1.0),21/01/25 11:00:00,Monthly,Producer prices,"Industry (except construction, sewerage, waste management and remediation activities)",Unadjusted data (i.e. neither seasonally adjusted nor calendar adjusted data),"Index, 2021=100",Euro area – 20 countries (from 2023),2001-06,75.8,s
ESTAT:STS_INPP_M(1.0),21/01/25 11:00:00,Monthly,Producer prices,"Industry (except construction, sewerage, waste management and remediation activities)",Unadjusted data (i.e. neither seasonally adjusted nor calendar adjusted data),"Index, 2021=100",Euro area – 20 countries (from 2023),2001-07,75.5,s
ESTAT:STS_INPP_M(1.0),21/01/25 11:00:00,Monthly,Producer prices,"Industry (except construction, sewerage, waste management and remediation activities)",Unadjusted data (i.e. neither seasonally adjusted nor calendar adjusted data),"Index, 2021=100",Euro area – 20 countries (from 2023),2001-08,75.1,s
ESTAT:STS_INPP_M(1.0),21/01/25 11:00:00,Monthly,Producer prices,"Industry (except construction, sewerage, waste management and remediation activities)",Unadjusted data (i.e. neither seasonally adjusted nor calendar adjusted data),"Index, 2021=100",Euro area – 20 countries (from 2023),2001-09,75.2,s
ESTAT:STS_INPP_M(1.0),21/01/25 11:00:00,Monthly,Producer prices,"Industry (except construction, sewerage, waste management and remediation activities)",Unadjusted data (i.e. neither seasonally adjusted nor calendar adjusted data),"Index, 2021=100",Euro area – 20 countries (from 2023),2001-10,74.5,s
ESTAT:STS_INPP_M(1.0),21/01/25 11:00:00,Monthly,Producer prices,"Industry (except construction, sewerage, waste management and remediation activities)",Unadjusted data (i.e. neither seasonally adjusted nor calendar adjusted data),"Index, 2021=100",Euro area – 20 countries (from 2023),2001-11,74.2,s
ESTAT:STS_INPP_M(1.0),21/01/25 11:00:00,Monthly,Producer prices,"Industry (except construction, sewerage, waste management and remediation activities)",Unadjusted data (i.e. neither seasonally adjusted nor calendar adjusted data),"Index, 2021=100",Euro area – 20 countries (from 2023),2001-12,74.0,s
ESTAT:STS_INPP_M(1.0),21/01/25 11:00:00,Monthly,Producer prices,"Industry (except construction, sewerage, waste management and remediation activities)",Unadjusted data (i.e. neither seasonally adjusted nor calendar adjusted data),"Index, 2021=100",Euro area – 20 countries (from 2023),2002-01,74.2,s
ESTAT:STS_INPP_M(1.0),21/01/25 11:00:00,Monthly,Producer prices,"Industry (except construction, sewerage, waste management and remediation activities)",Unadjusted data (i.e. neither seasonally adjusted nor calendar adjusted data),"Index, 2021=100",Euro area – 20 countries (from 2023),2002-02,74.3,s
ESTAT:STS_INPP_M(1.0),21/01/25 11:00:00,Monthly,Producer prices,"Industry (except construction, sewerage, waste management and remediation activities)",Unadjusted data (i.e. neither seasonally adjusted nor calendar adjusted data),"Index, 2021=100",Euro area – 20 countries (from 2023),2002-03,74.6,s
ESTAT:STS_INPP_M(1.0),21/01/25 11:00:00,Monthly,Producer prices,"Industry (except construction, sewerage, waste management and remediation activities)",Unadjusted data (i.e. neither seasonally adjusted nor calendar adjusted data),"Index, 2021=100",Euro area – 20 countries (from 2023),2002-04,74.6,s
ESTAT:STS_INPP_M(1.0),21/01/25 11:00:00,Monthly,Producer prices,"Industry (except construction, sewerage, waste management and remediation activities)",Unadjusted data (i.e. neither seasonally adjusted nor calendar adjusted data),"Index, 2021=100",Euro area – 20 countries (from 2023),2002-05,74.6,s
ESTAT:STS_INPP_M(1.0),21/01/25 11:00:00,Monthly,Producer prices,"Industry (except construction, sewerage, waste management and remediation activities)",Unadjusted data (i.e. neither seasonally adjusted nor calendar adjusted data),"Index, 2021=100",Euro area – 20 countries (from 2023),2002-06,74.4,s
ESTAT:STS_INPP_M(1.0),21/01/25 11:00:00,Monthly,Producer prices,"Industry (except construction, sewerage, waste management and remediation activities)",Unadjusted data (i.e. neither seasonally adjusted nor calendar adjusted data),"Index, 2021=100",Euro area – 20 countries (from 2023),2002-07,74.3,s
ESTAT:STS_INPP_M(1.0),21/01/25 11:00:00,Monthly,Producer prices,"Industry (except construction, sewerage, waste management and remediation activities)",Unadjusted data (i.e. neither seasonally adjusted nor calendar adjusted data),"Index, 2021=100",Euro area – 20 countries (from 2023),2002-08,74.3,s
ESTAT:STS_INPP_M(1.0),21/01/25 11:00:00,Monthly,Producer prices,"Industry (except construction, sewerage, waste management and remediation activities)",Unadjusted data (i.e. neither seasonally adjusted nor calendar adjusted data),"Index, 2021=100",Euro area – 20 countries (from 2023),2002-09,74.5,s
ESTAT:STS_INPP_M(1.0),21/01/25 11:00:00,Monthly,Producer prices,"Industry (except construction, sewerage, waste management and remediation activities)",Unadjusted data (i.e. neither seasonally adjusted nor calendar adjusted data),"Index, 2021=100",Euro area – 20 countries (from 2023),2002-10,74.7,s
ESTAT:STS_INPP_M(1.0),21/01/25 11:00:00,Monthly,Producer prices,"Industry (except construction, sewerage, waste management and remediation activities)",Unadjusted data (i.e. neither seasonally adjusted nor calendar adjusted data),"Index, 2021=100",Euro area – 20 countries (from 2023),2002-11,74.4,s
ESTAT:STS_INPP_M(1.0),21/01/25 11:00:00,Monthly,Producer prices,"Industry (except construction, sewerage, waste management and remediation activities)",Unadjusted data (i.e. neither seasonally adjusted nor calendar adjusted data),"Index, 2021=100",Euro area – 20 countries (from 2023),2002-12,74.6,s
ESTAT:STS_INPP_M(1.0),21/01/25 11:00:00,Monthly,Producer prices,"Industry (except construction, sewerage, waste management and remediation activities)",Unadjusted data (i.e. neither seasonally adjusted nor calendar adjusted data),"Index, 2021=100",Euro area – 20 countries (from 2023),2003-01,75.3,s
ESTAT:STS_INPP_M(1.0),21/01/25 11:00:00,Monthly,Producer prices,"Industry (except construction, sewerage, waste management and remediation activities)",Unadjusted data (i.e. neither seasonally adjusted nor calendar adjusted data),"Index, 2021=100",Euro area – 20 countries (from 2023),2003-02,75.6,s
ESTAT:STS_INPP_M(1.0),21/01/25 11:00:00,Monthly,Producer prices,"Industry (except construction, sewerage, waste management and remediation activities)",Unadjusted data (i.e. neither seasonally adjusted nor calendar adjusted data),"Index, 2021=100",Euro area – 20 countries (from 2023),2003-03,75.7,s
ESTAT:STS_INPP_M(1.0),21/01/25 11:00:00,Monthly,Producer prices,"Industry (except construction, sewerage, waste management and remediation activities)",Unadjusted data (i.e. neither seasonally adjusted nor calendar adjusted data),"Index, 2021=100",Euro area – 20 countries (from 2023),2003-04,75.2,s
ESTAT:STS_INPP_M(1.0),21/01/25 11:00:00,Monthly,Producer prices,"Industry (except construction, sewerage, waste management and remediation activities)",Unadjusted data (i.e. neither seasonally adjusted nor calendar adjusted data),"Index, 2021=100",Euro area – 20 countries (from 2023),2003-05,74.6,s
ESTAT:STS_INPP_M(1.0),21/01/25 11:00:00,Monthly,Producer prices,"Industry (except construction, sewerage, waste management and remediation activities)",Unadjusted data (i.e. neither seasonally adjusted nor calendar adjusted data),"Index, 2021=100",Euro area – 20 countries (from 2023),2003-06,74.6,s
ESTAT:STS_INPP_M(1.0),21/01/25 11:00:00,Monthly,Producer prices,"Industry (except construction, sewerage, waste management and remediation activities)",Unadjusted data (i.e. neither seasonally adjusted nor calendar adjusted data),"Index, 2021=100",Euro area – 20 countries (from 2023),2003-07,74.8,s
ESTAT:STS_INPP_M(1.0),21/01/25 11:00:00,Monthly,Producer prices,"Industry (except construction, sewerage, waste management and remediation activities)",Unadjusted data (i.e. neither seasonally adjusted nor calendar adjusted data),"Index, 2021=100",Euro area – 20 countries (from 2023),2003-08,75.0,s
ESTAT:STS_INPP_M(1.0),21/01/25 11:00:00,Monthly,Producer prices,"Industry (except construction, sewerage, waste management and remediation activities)",Unadjusted data (i.e. neither seasonally adjusted nor calendar adjusted data),"Index, 2021=100",Euro area – 20 countries (from 2023),2003-09,75.1,s
ESTAT:STS_INPP_M(1.0),21/01/25 11:00:00,Monthly,Producer prices,"Industry (except construction, sewerage, waste management and remediation activities)",Unadjusted data (i.e. neither seasonally adjusted nor calendar adjusted data),"Index, 2021=100",Euro area – 20 countries (from 2023),2003-10,75.0,s
ESTAT:STS_INPP_M(1.0),21/01/25 11:00:00,Monthly,Producer prices,"Industry (except construction, sewerage, waste management and remediation activities)",Unadjusted data (i.e. neither seasonally adjusted nor calendar adjusted data),"Index, 2021=100",Euro area – 20 countries (from 2023),2003-11,75.1,s
ESTAT:STS_INPP_M(1.0),21/01/25 11:00:00,Monthly,Producer prices,"Industry (except construction, sewerage, waste management and remediation activities)",Unadjusted data (i.e. neither seasonally adjusted nor calendar adjusted data),"Index, 2021=100",Euro area – 20 countries (from 2023),2003-12,74.9,s
ESTAT:STS_INPP_M(1.0),21/01/25 11:00:00,Monthly,Producer prices,"Industry (except construction, sewerage, waste management and remediation activities)",Unadjusted data (i.e. neither seasonally adjusted nor calendar adjusted data),"Index, 2021=100",Euro area – 20 countries (from 2023),2004-01,74.9,s
ESTAT:STS_INPP_M(1.0),21/01/25 11:00:00,Monthly,Producer prices,"Industry (except construction, sewerage, waste management and remediation activities)",Unadjusted data (i.e. neither seasonally adjusted nor calendar adjusted data),"Index, 2021=100",Euro area – 20 countries (from 2023),2004-02,75.0,s
ESTAT:STS_INPP_M(1.0),21/01/25 11:00:00,Monthly,Producer prices,"Industry (except construction, sewerage, waste management and remediation activities)",Unadjusted data (i.e. neither seasonally adjusted nor calendar adjusted data),"Index, 2021=100",Euro area – 20 countries (from 2023),2004-03,75.4,s
ESTAT:STS_INPP_M(1.0),21/01/25 11:00:00,Monthly,Producer prices,"Industry (except construction, sewerage, waste management and remediation activities)",Unadjusted data (i.e. neither seasonally adjusted nor calendar adjusted data),"Index, 2021=100",Euro area – 20 countries (from 2023),2004-04,75.8,s
ESTAT:STS_INPP_M(1.0),21/01/25 11:00:00,Monthly,Producer prices,"Industry (except construction, sewerage, waste management and remediation activities)",Unadjusted data (i.e. neither seasonally adjusted nor calendar adjusted data),"Index, 2021=100",Euro area – 20 countries (from 2023),2004-05,76.5,s
ESTAT:STS_INPP_M(1.0),21/01/25 11:00:00,Monthly,Producer prices,"Industry (except construction, sewerage, waste management and remediation activities)",Unadjusted data (i.e. neither seasonally adjusted nor calendar adjusted data),"Index, 2021=100",Euro area – 20 countries (from 2023),2004-06,76.4,s
ESTAT:STS_INPP_M(1.0),21/01/25 11:00:00,Monthly,Producer prices,"Industry (except construction, sewerage, waste management and remediation activities)",Unadjusted data (i.e. neither seasonally adjusted nor calendar adjusted data),"Index, 2021=100",Euro area – 20 countries (from 2023),2004-07,76.7,s
ESTAT:STS_INPP_M(1.0),21/01/25 11:00:00,Monthly,Producer prices,"Industry (except construction, sewerage, waste management and remediation activities)",Unadjusted data (i.e. neither seasonally adjusted nor calendar adjusted data),"Index, 2021=100",Euro area – 20 countries (from 2023),2004-08,77.1,s
ESTAT:STS_INPP_M(1.0),21/01/25 11:00:00,Monthly,Producer prices,"Industry (except construction, sewerage, waste management and remediation activities)",Unadjusted data (i.e. neither seasonally adjusted nor calendar adjusted data),"Index, 2021=100",Euro area – 20 countries (from 2023),2004-09,77.3,s
ESTAT:STS_INPP_M(1.0),21/01/25 11:00:00,Monthly,Producer prices,"Industry (except construction, sewerage, waste management and remediation activities)",Unadjusted data (i.e. neither seasonally adjusted nor calendar adjusted data),"Index, 2021=100",Euro area – 20 countries (from 2023),2004-10,78.0,s
ESTAT:STS_INPP_M(1.0),21/01/25 11:00:00,Monthly,Producer prices,"Industry (except construction, sewerage, waste management and remediation activities)",Unadjusted data (i.e. neither seasonally adjusted nor calendar adjusted data),"Index, 2021=100",Euro area – 20 countries (from 2023),2004-11,77.6,s
ESTAT:STS_INPP_M(1.0),21/01/25 11:00:00,Monthly,Producer prices,"Industry (except construction, sewerage, waste management and remediation activities)",Unadjusted data (i.e. neither seasonally adjusted nor calendar adjusted data),"Index, 2021=100",Euro area – 20 countries (from 2023),2004-12,77.1,s
ESTAT:STS_INPP_M(1.0),21/01/25 11:00:00,Monthly,Producer prices,"Industry (except construction, sewerage, waste management and remediation activities)",Unadjusted data (i.e. neither seasonally adjusted nor calendar adjusted data),"Index, 2021=100",Euro area – 20 countries (from 2023),2005-01,77.8,
ESTAT:STS_INPP_M(1.0),21/01/25 11:00:00,Monthly,Producer prices,"Industry (except construction, sewerage, waste management and remediation activities)",Unadjusted data (i.e. neither seasonally adjusted nor calendar adjusted data),"Index, 2021=100",Euro area – 20 countries (from 2023),2005-02,78.0,
ESTAT:STS_INPP_M(1.0),21/01/25 11:00:00,Monthly,Producer prices,"Industry (except construction, sewerage, waste management and remediation activities)",Unadjusted data (i.e. neither seasonally adjusted nor calendar adjusted data),"Index, 2021=100",Euro area – 20 countries (from 2023),2005-03,78.5,
ESTAT:STS_INPP_M(1.0),21/01/25 11:00:00,Monthly,Producer prices,"Industry (except construction, sewerage, waste management and remediation activities)",Unadjusted data (i.e. neither seasonally adjusted nor calendar adjusted data),"Index, 2021=100",Euro area – 20 countries (from 2023),2005-04,78.8,
ESTAT:STS_INPP_M(1.0),21/01/25 11:00:00,Monthly,Producer prices,"Industry (except construction, sewerage, waste management and remediation activities)",Unadjusted data (i.e. neither seasonally adjusted nor calendar adjusted data),"Index, 2021=100",Euro area – 20 countries (from 2023),2005-05,78.6,
ESTAT:STS_INPP_M(1.0),21/01/25 11:00:00,Monthly,Producer prices,"Industry (except construction, sewerage, waste management and remediation activities)",Unadjusted data (i.e. neither seasonally adjusted nor calendar adjusted data),"Index, 2021=100",Euro area – 20 countries (from 2023),2005-06,79.1,
ESTAT:STS_INPP_M(1.0),21/01/25 11:00:00,Monthly,Producer prices,"Industry (except construction, sewerage, waste management and remediation activities)",Unadjusted data (i.e. neither seasonally adjusted nor calendar adjusted data),"Index, 2021=100",Euro area – 20 countries (from 2023),2005-07,79.4,
ESTAT:STS_INPP_M(1.0),21/01/25 11:00:00,Monthly,Producer prices,"Industry (except construction, sewerage, waste management and remediation activities)",Unadjusted data (i.e. neither seasonally adjusted nor calendar adjusted data),"Index, 2021=100",Euro area – 20 countries (from 2023),2005-08,79.7,
ESTAT:STS_INPP_M(1.0),21/01/25 11:00:00,Monthly,Producer prices,"Industry (except construction, sewerage, waste management and remediation activities)",Unadjusted data (i.e. neither seasonally adjusted nor calendar adjusted data),"Index, 2021=100",Euro area – 20 countries (from 2023),2005-09,80.2,
ESTAT:STS_INPP_M(1.0),21/01/25 11:00:00,Monthly,Producer prices,"Industry (except construction, sewerage, waste management and remediation activities)",Unadjusted data (i.e. neither seasonally adjusted nor calendar adjusted data),"Index, 2021=100",Euro area – 20 countries (from 2023),2005-10,80.5,
ESTAT:STS_INPP_M(1.0),21/01/25 11:00:00,Monthly,Producer prices,"Industry (except construction, sewerage, waste management and remediation activities)",Unadjusted data (i.e. neither seasonally adjusted nor calendar adjusted data),"Index, 2021=100",Euro area – 20 countries (from 2023),2005-11,80.3,
ESTAT:STS_INPP_M(1.0),21/01/25 11:00:00,Monthly,Producer prices,"Industry (except construction, sewerage, waste management and remediation activities)",Unadjusted data (i.e. neither seasonally adjusted nor calendar adjusted data),"Index, 2021=100",Euro area – 20 countries (from 2023),2005-12,80.4,
ESTAT:STS_INPP_M(1.0),21/01/25 11:00:00,Monthly,Producer prices,"Industry (except construction, sewerage, waste management and remediation activities)",Unadjusted data (i.e. neither seasonally adjusted nor calendar adjusted data),"Index, 2021=100",Euro area – 20 countries (from 2023),2006-01,81.2,
ESTAT:STS_INPP_M(1.0),21/01/25 11:00:00,Monthly,Producer prices,"Industry (except construction, sewerage, waste management and remediation activities)",Unadjusted data (i.e. neither seasonally adjusted nor calendar adjusted data),"Index, 2021=100",Euro area – 20 countries (from 2023),2006-02,81.6,
ESTAT:STS_INPP_M(1.0),21/01/25 11:00:00,Monthly,Producer prices,"Industry (except construction, sewerage, waste management and remediation activities)",Unadjusted data (i.e. neither seasonally adjusted nor calendar adjusted data),"Index, 2021=100",Euro area – 20 countries (from 2023),2006-03,81.9,
ESTAT:STS_INPP_M(1.0),21/01/25 11:00:00,Monthly,Producer prices,"Industry (except construction, sewerage, waste management and remediation activities)",Unadjusted data (i.e. neither seasonally adjusted nor calendar adjusted data),"Index, 2021=100",Euro area – 20 countries (from 2023),2006-04,82.4,
ESTAT:STS_INPP_M(1.0),21/01/25 11:00:00,Monthly,Producer prices,"Industry (except construction, sewerage, waste management and remediation activities)",Unadjusted data (i.e. neither seasonally adjusted nor calendar adjusted data),"Index, 2021=100",Euro area – 20 countries (from 2023),2006-05,82.7,
ESTAT:STS_INPP_M(1.0),21/01/25 11:00:00,Monthly,Producer prices,"Industry (except construction, sewerage, waste management and remediation activities)",Unadjusted data (i.e. neither seasonally adjusted nor calendar adjusted data),"Index, 2021=100",Euro area – 20 countries (from 2023),2006-06,82.8,
ESTAT:STS_INPP_M(1.0),21/01/25 11:00:00,Monthly,Producer prices,"Industry (except construction, sewerage, waste management and remediation activities)",Unadjusted data (i.e. neither seasonally adjusted nor calendar adjusted data),"Index, 2021=100",Euro area – 20 countries (from 2023),2006-07,83.4,
ESTAT:STS_INPP_M(1.0),21/01/25 11:00:00,Monthly,Producer prices,"Industry (except construction, sewerage, waste management and remediation activities)",Unadjusted data (i.e. neither seasonally adjusted nor calendar adjusted data),"Index, 2021=100",Euro area – 20 countries (from 2023),2006-08,83.4,
ESTAT:STS_INPP_M(1.0),21/01/25 11:00:00,Monthly,Producer prices,"Industry (except construction, sewerage, waste management and remediation activities)",Unadjusted data (i.e. neither seasonally adjusted nor calendar adjusted data),"Index, 2021=100",Euro area – 20 countries (from 2023),2006-09,83.0,
ESTAT:STS_INPP_M(1.0),21/01/25 11:00:00,Monthly,Producer prices,"Industry (except construction, sewerage, waste management and remediation activities)",Unadjusted data (i.e. neither seasonally adjusted nor calendar adjusted data),"Index, 2021=100",Euro area – 20 countries (from 2023),2006-10,83.0,
ESTAT:STS_INPP_M(1.0),21/01/25 11:00:00,Monthly,Producer prices,"Industry (except construction, sewerage, waste management and remediation activities)",Unadjusted data (i.e. neither seasonally adjusted nor calendar adjusted data),"Index, 2021=100",Euro area – 20 countries (from 2023),2006-11,82.9,
ESTAT:STS_INPP_M(1.0),21/01/25 11:00:00,Monthly,Producer prices,"Industry (except construction, sewerage, waste management and remediation activities)",Unadjusted data (i.e. neither seasonally adjusted nor calendar adjusted data),"Index, 2021=100",Euro area – 20 countries (from 2023),2006-12,82.8,
ESTAT:STS_INPP_M(1.0),21/01/25 11:00:00,Monthly,Producer prices,"Industry (except construction, sewerage, waste management and remediation activities)",Unadjusted data (i.e. neither seasonally adjusted nor calendar adjusted data),"Index, 2021=100",Euro area – 20 countries (from 2023),2007-01,83.0,
ESTAT:STS_INPP_M(1.0),21/01/25 11:00:00,Monthly,Producer prices,"Industry (except construction, sewerage, waste management and remediation activities)",Unadjusted data (i.e. neither seasonally adjusted nor calendar adjusted data),"Index, 2021=100",Euro area – 20 countries (from 2023),2007-02,83.1,
ESTAT:STS_INPP_M(1.0),21/01/25 11:00:00,Monthly,Producer prices,"Industry (except construction, sewerage, waste management and remediation activities)",Unadjusted data (i.e. neither seasonally adjusted nor calendar adjusted data),"Index, 2021=100",Euro area – 20 countries (from 2023),2007-03,83.4,
ESTAT:STS_INPP_M(1.0),21/01/25 11:00:00,Monthly,Producer prices,"Industry (except construction, sewerage, waste management and remediation activities)",Unadjusted data (i.e. neither seasonally adjusted nor calendar adjusted data),"Index, 2021=100",Euro area – 20 countries (from 2023),2007-04,83.7,
ESTAT:STS_INPP_M(1.0),21/01/25 11:00:00,Monthly,Producer prices,"Industry (except construction, sewerage, waste management and remediation activities)",Unadjusted data (i.e. neither seasonally adjusted nor calendar adjusted data),"Index, 2021=100",Euro area – 20 countries (from 2023),2007-05,84.1,
ESTAT:STS_INPP_M(1.0),21/01/25 11:00:00,Monthly,Producer prices,"Industry (except construction, sewerage, waste management and remediation activities)",Unadjusted data (i.e. neither seasonally adjusted nor calendar adjusted data),"Index, 2021=100",Euro area – 20 countries (from 2023),2007-06,84.2,
ESTAT:STS_INPP_M(1.0),21/01/25 11:00:00,Monthly,Producer prices,"Industry (except construction, sewerage, waste management and remediation activities)",Unadjusted data (i.e. neither seasonally adjusted nor calendar adjusted data),"Index, 2021=100",Euro area – 20 countries (from 2023),2007-07,84.4,
ESTAT:STS_INPP_M(1.0),21/01/25 11:00:00,Monthly,Producer prices,"Industry (except construction, sewerage, waste management and remediation activities)",Unadjusted data (i.e. neither seasonally adjusted nor calendar adjusted data),"Index, 2021=100",Euro area – 20 countries (from 2023),2007-08,84.5,
ESTAT:STS_INPP_M(1.0),21/01/25 11:00:00,Monthly,Producer prices,"Industry (except construction, sewerage, waste management and remediation activities)",Unadjusted data (i.e. neither seasonally adjusted nor calendar adjusted data),"Index, 2021=100",Euro area – 20 countries (from 2023),2007-09,84.7,
ESTAT:STS_INPP_M(1.0),21/01/25 11:00:00,Monthly,Producer prices,"Industry (except construction, sewerage, waste management and remediation activities)",Unadjusted data (i.e. neither seasonally adjusted nor calendar adjusted data),"Index, 2021=100",Euro area – 20 countries (from 2023),2007-10,85.1,
ESTAT:STS_INPP_M(1.0),21/01/25 11:00:00,Monthly,Producer prices,"Industry (except construction, sewerage, waste management and remediation activities)",Unadjusted data (i.e. neither seasonally adjusted nor calendar adjusted data),"Index, 2021=100",Euro area – 20 countries (from 2023),2007-11,85.8,
ESTAT:STS_INPP_M(1.0),21/01/25 11:00:00,Monthly,Producer prices,"Industry (except construction, sewerage, waste management and remediation activities)",Unadjusted data (i.e. neither seasonally adjusted nor calendar adjusted data),"Index, 2021=100",Euro area – 20 countries (from 2023),2007-12,85.8,
ESTAT:STS_INPP_M(1.0),21/01/25 11:00:00,Monthly,Producer prices,"Industry (except construction, sewerage, waste management and remediation activities)",Unadjusted data (i.e. neither seasonally adjusted nor calendar adjusted data),"Index, 2021=100",Euro area – 20 countries (from 2023),2008-01,86.3,
ESTAT:STS_INPP_M(1.0),21/01/25 11:00:00,Monthly,Producer prices,"Industry (except construction, sewerage, waste management and remediation activities)",Unadjusted data (i.e. neither seasonally adjusted nor calendar adjusted data),"Index, 2021=100",Euro area – 20 countries (from 2023),2008-02,86.8,
ESTAT:STS_INPP_M(1.0),21/01/25 11:00:00,Monthly,Producer prices,"Industry (except construction, sewerage, waste management and remediation activities)",Unadjusted data (i.e. neither seasonally adjusted nor calendar adjusted data),"Index, 2021=100",Euro area – 20 countries (from 2023),2008-03,87.2,
ESTAT:STS_INPP_M(1.0),21/01/25 11:00:00,Monthly,Producer prices,"Industry (except construction, sewerage, waste management and remediation activities)",Unadjusted data (i.e. neither seasonally adjusted nor calendar adjusted data),"Index, 2021=100",Euro area – 20 countries (from 2023),2008-04,87.7,
ESTAT:STS_INPP_M(1.0),21/01/25 11:00:00,Monthly,Producer prices,"Industry (except construction, sewerage, waste management and remediation activities)",Unadjusted data (i.e. neither seasonally adjusted nor calendar adjusted data),"Index, 2021=100",Euro area – 20 countries (from 2023),2008-05,88.6,
ESTAT:STS_INPP_M(1.0),21/01/25 11:00:00,Monthly,Producer prices,"Industry (except construction, sewerage, waste management and remediation activities)",Unadjusted data (i.e. neither seasonally adjusted nor calendar adjusted data),"Index, 2021=100",Euro area – 20 countries (from 2023),2008-06,89.5,
ESTAT:STS_INPP_M(1.0),21/01/25 11:00:00,Monthly,Producer prices,"Industry (except construction, sewerage, waste management and remediation activities)",Unadjusted data (i.e. neither seasonally adjusted nor calendar adjusted data),"Index, 2021=100",Euro area – 20 countries (from 2023),2008-07,90.5,
ESTAT:STS_INPP_M(1.0),21/01/25 11:00:00,Monthly,Producer prices,"Industry (except construction, sewerage, waste management and remediation activities)",Unadjusted data (i.e. neither seasonally adjusted nor calendar adjusted data),"Index, 2021=100",Euro area – 20 countries (from 2023),2008-08,90.3,
ESTAT:STS_INPP_M(1.0),21/01/25 11:00:00,Monthly,Producer prices,"Industry (except construction, sewerage, waste management and remediation activities)",Unadjusted data (i.e. neither seasonally adjusted nor calendar adjusted data),"Index, 2021=100",Euro area – 20 countries (from 2023),2008-09,90.2,
ESTAT:STS_INPP_M(1.0),21/01/25 11:00:00,Monthly,Producer prices,"Industry (except construction, sewerage, waste management and remediation activities)",Unadjusted data (i.e. neither seasonally adjusted nor calendar adjusted data),"Index, 2021=100",Euro area – 20 countries (from 2023),2008-10,89.5,
ESTAT:STS_INPP_M(1.0),21/01/25 11:00:00,Monthly,Producer prices,"Industry (except construction, sewerage, waste management and remediation activities)",Unadjusted data (i.e. neither seasonally adjusted nor calendar adjusted data),"Index, 2021=100",Euro area – 20 countries (from 2023),2008-11,87.8,
ESTAT:STS_INPP_M(1.0),21/01/25 11:00:00,Monthly,Producer prices,"Industry (except construction, sewerage, waste management and remediation activities)",Unadjusted data (i.e. neither seasonally adjusted nor calendar adjusted data),"Index, 2021=100",Euro area – 20 countries (from 2023),2008-12,86.2,
ESTAT:STS_INPP_M(1.0),21/01/25 11:00:00,Monthly,Producer prices,"Industry (except construction, sewerage, waste management and remediation activities)",Unadjusted data (i.e. neither seasonally adjusted nor calendar adjusted data),"Index, 2021=100",Euro area – 20 countries (from 2023),2009-01,85.5,
ESTAT:STS_INPP_M(1.0),21/01/25 11:00:00,Monthly,Producer prices,"Industry (except construction, sewerage, waste management and remediation activities)",Unadjusted data (i.e. neither seasonally adjusted nor calendar adjusted data),"Index, 2021=100",Euro area – 20 countries (from 2023),2009-02,85.3,
ESTAT:STS_INPP_M(1.0),21/01/25 11:00:00,Monthly,Producer prices,"Industry (except construction, sewerage, waste management and remediation activities)",Unadjusted data (i.e. neither seasonally adjusted nor calendar adjusted data),"Index, 2021=100",Euro area – 20 countries (from 2023),2009-03,84.6,
ESTAT:STS_INPP_M(1.0),21/01/25 11:00:00,Monthly,Producer prices,"Industry (except construction, sewerage, waste management and remediation activities)",Unadjusted data (i.e. neither seasonally adjusted nor calendar adjusted data),"Index, 2021=100",Euro area – 20 countries (from 2023),2009-04,84.1,
ESTAT:STS_INPP_M(1.0),21/01/25 11:00:00,Monthly,Producer prices,"Industry (except construction, sewerage, waste management and remediation activities)",Unadjusted data (i.e. neither seasonally adjusted nor calendar adjusted data),"Index, 2021=100",Euro area – 20 countries (from 2023),2009-05,84.1,
ESTAT:STS_INPP_M(1.0),21/01/25 11:00:00,Monthly,Producer prices,"Industry (except construction, sewerage, waste management and remediation activities)",Unadjusted data (i.e. neither seasonally adjusted nor calendar adjusted data),"Index, 2021=100",Euro area – 20 countries (from 2023),2009-06,84.4,
ESTAT:STS_INPP_M(1.0),21/01/25 11:00:00,Monthly,Producer prices,"Industry (except construction, sewerage, waste management and remediation activities)",Unadjusted data (i.e. neither seasonally adjusted nor calendar adjusted data),"Index, 2021=100",Euro area – 20 countries (from 2023),2009-07,83.9,
ESTAT:STS_INPP_M(1.0),21/01/25 11:00:00,Monthly,Producer prices,"Industry (except construction, sewerage, waste management and remediation activities)",Unadjusted data (i.e. neither seasonally adjusted nor calendar adjusted data),"Index, 2021=100",Euro area – 20 countries (from 2023),2009-08,84.4,
ESTAT:STS_INPP_M(1.0),21/01/25 11:00:00,Monthly,Producer prices,"Industry (except construction, sewerage, waste management and remediation activities)",Unadjusted data (i.e. neither seasonally adjusted nor calendar adjusted data),"Index, 2021=100",Euro area – 20 countries (from 2023),2009-09,84.2,
ESTAT:STS_INPP_M(1.0),21/01/25 11:00:00,Monthly,Producer prices,"Industry (except construction, sewerage, waste management and remediation activities)",Unadjusted data (i.e. neither seasonally adjusted nor calendar adjusted data),"Index, 2021=100",Euro area – 20 countries (from 2023),2009-10,84.2,
ESTAT:STS_INPP_M(1.0),21/01/25 11:00:00,Monthly,Producer prices,"Industry (except construction, sewerage, waste management and remediation activities)",Unadjusted data (i.e. neither seasonally adjusted nor calendar adjusted data),"Index, 2021=100",Euro area – 20 countries (from 2023),2009-11,84.4,
ESTAT:STS_INPP_M(1.0),21/01/25 11:00:00,Monthly,Producer prices,"Industry (except construction, sewerage, waste management and remediation activities)",Unadjusted data (i.e. neither seasonally adjusted nor calendar adjusted data),"Index, 2021=100",Euro area – 20 countries (from 2023),2009-12,84.4,
ESTAT:STS_INPP_M(1.0),21/01/25 11:00:00,Monthly,Producer prices,"Industry (except construction, sewerage, waste management and remediation activities)",Unadjusted data (i.e. neither seasonally adjusted nor calendar adjusted data),"Index, 2021=100",Euro area – 20 countries (from 2023),2010-01,85.1,
ESTAT:STS_INPP_M(1.0),21/01/25 11:00:00,Monthly,Producer prices,"Industry (except construction, sewerage, waste management and remediation activities)",Unadjusted data (i.e. neither seasonally adjusted nor calendar adjusted data),"Index, 2021=100",Euro area – 20 countries (from 2023),2010-02,85.3,
ESTAT:STS_INPP_M(1.0),21/01/25 11:00:00,Monthly,Producer prices,"Industry (except construction, sewerage, waste management and remediation activities)",Unadjusted data (i.e. neither seasonally adjusted nor calendar adjusted data),"Index, 2021=100",Euro area – 20 countries (from 2023),2010-03,85.7,
ESTAT:STS_INPP_M(1.0),21/01/25 11:00:00,Monthly,Producer prices,"Industry (except construction, sewerage, waste management and remediation activities)",Unadjusted data (i.e. neither seasonally adjusted nor calendar adjusted data),"Index, 2021=100",Euro area – 20 countries (from 2023),2010-04,86.5,
ESTAT:STS_INPP_M(1.0),21/01/25 11:00:00,Monthly,Producer prices,"Industry (except construction, sewerage, waste management and remediation activities)",Unadjusted data (i.e. neither seasonally adjusted nor calendar adjusted data),"Index, 2021=100",Euro area – 20 countries (from 2023),2010-05,86.9,
ESTAT:STS_INPP_M(1.0),21/01/25 11:00:00,Monthly,Producer prices,"Industry (except construction, sewerage, waste management and remediation activities)",Unadjusted data (i.e. neither seasonally adjusted nor calendar adjusted data),"Index, 2021=100",Euro area – 20 countries (from 2023),2010-06,87.2,
ESTAT:STS_INPP_M(1.0),21/01/25 11:00:00,Monthly,Producer prices,"Industry (except construction, sewerage, waste management and remediation activities)",Unadjusted data (i.e. neither seasonally adjusted nor calendar adjusted data),"Index, 2021=100",Euro area – 20 countries (from 2023),2010-07,87.4,
ESTAT:STS_INPP_M(1.0),21/01/25 11:00:00,Monthly,Producer prices,"Industry (except construction, sewerage, waste management and remediation activities)",Unadjusted data (i.e. neither seasonally adjusted nor calendar adjusted data),"Index, 2021=100",Euro area – 20 countries (from 2023),2010-08,87.5,
ESTAT:STS_INPP_M(1.0),21/01/25 11:00:00,Monthly,Producer prices,"Industry (except construction, sewerage, waste management and remediation activities)",Unadjusted data (i.e. neither seasonally adjusted nor calendar adjusted data),"Index, 2021=100",Euro area – 20 countries (from 2023),2010-09,87.7,
ESTAT:STS_INPP_M(1.0),21/01/25 11:00:00,Monthly,Producer prices,"Industry (except construction, sewerage, waste management and remediation activities)",Unadjusted data (i.e. neither seasonally adjusted nor calendar adjusted data),"Index, 2021=100",Euro area – 20 countries (from 2023),2010-10,87.7,
ESTAT:STS_INPP_M(1.0),21/01/25 11:00:00,Monthly,Producer prices,"Industry (except construction, sewerage, waste management and remediation activities)",Unadjusted data (i.e. neither seasonally adjusted nor calendar adjusted data),"Index, 2021=100",Euro area – 20 countries (from 2023),2010-11,88.0,
ESTAT:STS_INPP_M(1.0),21/01/25 11:00:00,Monthly,Producer prices,"Industry (except construction, sewerage, waste management and remediation activities)",Unadjusted data (i.e. neither seasonally adjusted nor calendar adjusted data),"Index, 2021=100",Euro area – 20 countries (from 2023),2010-12,88.7,
ESTAT:STS_INPP_M(1.0),21/01/25 11:00:00,Monthly,Producer prices,"Industry (except construction, sewerage, waste management and remediation activities)",Unadjusted data (i.e. neither seasonally adjusted nor calendar adjusted data),"Index, 2021=100",Euro area – 20 countries (from 2023),2011-01,89.7,
ESTAT:STS_INPP_M(1.0),21/01/25 11:00:00,Monthly,Producer prices,"Industry (except construction, sewerage, waste management and remediation activities)",Unadjusted data (i.e. neither seasonally adjusted nor calendar adjusted data),"Index, 2021=100",Euro area – 20 countries (from 2023),2011-02,90.2,
ESTAT:STS_INPP_M(1.0),21/01/25 11:00:00,Monthly,Producer prices,"Industry (except construction, sewerage, waste management and remediation activities)",Unadjusted data (i.e. neither seasonally adjusted nor calendar adjusted data),"Index, 2021=100",Euro area – 20 countries (from 2023),2011-03,90.9,
ESTAT:STS_INPP_M(1.0),21/01/25 11:00:00,Monthly,Producer prices,"Industry (except construction, sewerage, waste management and remediation activities)",Unadjusted data (i.e. neither seasonally adjusted nor calendar adjusted data),"Index, 2021=100",Euro area – 20 countries (from 2023),2011-04,91.5,
ESTAT:STS_INPP_M(1.0),21/01/25 11:00:00,Monthly,Producer prices,"Industry (except construction, sewerage, waste management and remediation activities)",Unadjusted data (i.e. neither seasonally adjusted nor calendar adjusted data),"Index, 2021=100",Euro area – 20 countries (from 2023),2011-05,91.5,
ESTAT:STS_INPP_M(1.0),21/01/25 11:00:00,Monthly,Producer prices,"Industry (except construction, sewerage, waste management and remediation activities)",Unadjusted data (i.e. neither seasonally adjusted nor calendar adjusted data),"Index, 2021=100",Euro area – 20 countries (from 2023),2011-06,91.5,
ESTAT:STS_INPP_M(1.0),21/01/25 11:00:00,Monthly,Producer prices,"Industry (except construction, sewerage, waste management and remediation activities)",Unadjusted data (i.e. neither seasonally adjusted nor calendar adjusted data),"Index, 2021=100",Euro area – 20 countries (from 2023),2011-07,91.8,
ESTAT:STS_INPP_M(1.0),21/01/25 11:00:00,Monthly,Producer prices,"Industry (except construction, sewerage, waste management and remediation activities)",Unadjusted data (i.e. neither seasonally adjusted nor calendar adjusted data),"Index, 2021=100",Euro area – 20 countries (from 2023),2011-08,91.7,
ESTAT:STS_INPP_M(1.0),21/01/25 11:00:00,Monthly,Producer prices,"Industry (except construction, sewerage, waste management and remediation activities)",Unadjusted data (i.e. neither seasonally adjusted nor calendar adjusted data),"Index, 2021=100",Euro area – 20 countries (from 2023),2011-09,92.0,
ESTAT:STS_INPP_M(1.0),21/01/25 11:00:00,Monthly,Producer prices,"Industry (except construction, sewerage, waste management and remediation activities)",Unadjusted data (i.e. neither seasonally adjusted nor calendar adjusted data),"Index, 2021=100",Euro area – 20 countries (from 2023),2011-10,92.0,
ESTAT:STS_INPP_M(1.0),21/01/25 11:00:00,Monthly,Producer prices,"Industry (except construction, sewerage, waste management and remediation activities)",Unadjusted data (i.e. neither seasonally adjusted nor calendar adjusted data),"Index, 2021=100",Euro area – 20 countries (from 2023),2011-11,92.2,
ESTAT:STS_INPP_M(1.0),21/01/25 11:00:00,Monthly,Producer prices,"Industry (except construction, sewerage, waste management and remediation activities)",Unadjusted data (i.e. neither seasonally adjusted nor calendar adjusted data),"Index, 2021=100",Euro area – 20 countries (from 2023),2011-12,92.1,
ESTAT:STS_INPP_M(1.0),21/01/25 11:00:00,Monthly,Producer prices,"Industry (except construction, sewerage, waste management and remediation activities)",Unadjusted data (i.e. neither seasonally adjusted nor calendar adjusted data),"Index, 2021=100",Euro area – 20 countries (from 2023),2012-01,92.7,
ESTAT:STS_INPP_M(1.0),21/01/25 11:00:00,Monthly,Producer prices,"Industry (except construction, sewerage, waste management and remediation activities)",Unadjusted data (i.e. neither seasonally adjusted nor calendar adjusted data),"Index, 2021=100",Euro area – 20 countries (from 2023),2012-02,93.2,
ESTAT:STS_INPP_M(1.0),21/01/25 11:00:00,Monthly,Producer prices,"Industry (except construction, sewerage, waste management and remediation activities)",Unadjusted data (i.e. neither seasonally adjusted nor calendar adjusted data),"Index, 2021=100",Euro area – 20 countries (from 2023),2012-03,93.5,
ESTAT:STS_INPP_M(1.0),21/01/25 11:00:00,Monthly,Producer prices,"Industry (except construction, sewerage, waste management and remediation activities)",Unadjusted data (i.e. neither seasonally adjusted nor calendar adjusted data),"Index, 2021=100",Euro area – 20 countries (from 2023),2012-04,93.6,
ESTAT:STS_INPP_M(1.0),21/01/25 11:00:00,Monthly,Producer prices,"Industry (except construction, sewerage, waste management and remediation activities)",Unadjusted data (i.e. neither seasonally adjusted nor calendar adjusted data),"Index, 2021=100",Euro area – 20 countries (from 2023),2012-05,93.4,
ESTAT:STS_INPP_M(1.0),21/01/25 11:00:00,Monthly,Producer prices,"Industry (except construction, sewerage, waste management and remediation activities)",Unadjusted data (i.e. neither seasonally adjusted nor calendar adjusted data),"Index, 2021=100",Euro area – 20 countries (from 2023),2012-06,93.1,
ESTAT:STS_INPP_M(1.0),21/01/25 11:00:00,Monthly,Producer prices,"Industry (except construction, sewerage, waste management and remediation activities)",Unadjusted data (i.e. neither seasonally adjusted nor calendar adjusted data),"Index, 2021=100",Euro area – 20 countries (from 2023),2012-07,93.4,
ESTAT:STS_INPP_M(1.0),21/01/25 11:00:00,Monthly,Producer prices,"Industry (except construction, sewerage, waste management and remediation activities)",Unadjusted data (i.e. neither seasonally adjusted nor calendar adjusted data),"Index, 2021=100",Euro area – 20 countries (from 2023),2012-08,94.1,
ESTAT:STS_INPP_M(1.0),21/01/25 11:00:00,Monthly,Producer prices,"Industry (except construction, sewerage, waste management and remediation activities)",Unadjusted data (i.e. neither seasonally adjusted nor calendar adjusted data),"Index, 2021=100",Euro area – 20 countries (from 2023),2012-09,94.1,
ESTAT:STS_INPP_M(1.0),21/01/25 11:00:00,Monthly,Producer prices,"Industry (except construction, sewerage, waste management and remediation activities)",Unadjusted data (i.e. neither seasonally adjusted nor calendar adjusted data),"Index, 2021=100",Euro area – 20 countries (from 2023),2012-10,93.9,
ESTAT:STS_INPP_M(1.0),21/01/25 11:00:00,Monthly,Producer prices,"Industry (except construction, sewerage, waste management and remediation activities)",Unadjusted data (i.e. neither seasonally adjusted nor calendar adjusted data),"Index, 2021=100",Euro area – 20 countries (from 2023),2012-11,93.8,
ESTAT:STS_INPP_M(1.0),21/01/25 11:00:00,Monthly,Producer prices,"Industry (except construction, sewerage, waste management and remediation activities)",Unadjusted data (i.e. neither seasonally adjusted nor calendar adjusted data),"Index, 2021=100",Euro area – 20 countries (from 2023),2012-12,93.5,
ESTAT:STS_INPP_M(1.0),21/01/25 11:00:00,Monthly,Producer prices,"Industry (except construction, sewerage, waste management and remediation activities)",Unadjusted data (i.e. neither seasonally adjusted nor calendar adjusted data),"Index, 2021=100",Euro area – 20 countries (from 2023),2013-01,93.7,
ESTAT:STS_INPP_M(1.0),21/01/25 11:00:00,Monthly,Producer prices,"Industry (except construction, sewerage, waste management and remediation activities)",Unadjusted data (i.e. neither seasonally adjusted nor calendar adjusted data),"Index, 2021=100",Euro area – 20 countries (from 2023),2013-02,93.8,
ESTAT:STS_INPP_M(1.0),21/01/25 11:00:00,Monthly,Producer prices,"Industry (except construction, sewerage, waste management and remediation activities)",Unadjusted data (i.e. neither seasonally adjusted nor calendar adjusted data),"Index, 2021=100",Euro area – 20 countries (from 2023),2013-03,93.6,
ESTAT:STS_INPP_M(1.0),21/01/25 11:00:00,Monthly,Producer prices,"Industry (except construction, sewerage, waste management and remediation activities)",Unadjusted data (i.e. neither seasonally adjusted nor calendar adjusted data),"Index, 2021=100",Euro area – 20 countries (from 2023),2013-04,93.2,
ESTAT:STS_INPP_M(1.0),21/01/25 11:00:00,Monthly,Producer prices,"Industry (except construction, sewerage, waste management and remediation activities)",Unadjusted data (i.e. neither seasonally adjusted nor calendar adjusted data),"Index, 2021=100",Euro area – 20 countries (from 2023),2013-05,93.0,
ESTAT:STS_INPP_M(1.0),21/01/25 11:00:00,Monthly,Producer prices,"Industry (except construction, sewerage, waste management and remediation activities)",Unadjusted data (i.e. neither seasonally adjusted nor calendar adjusted data),"Index, 2021=100",Euro area – 20 countries (from 2023),2013-06,92.9,
ESTAT:STS_INPP_M(1.0),21/01/25 11:00:00,Monthly,Producer prices,"Industry (except construction, sewerage, waste management and remediation activities)",Unadjusted data (i.e. neither seasonally adjusted nor calendar adjusted data),"Index, 2021=100",Euro area – 20 countries (from 2023),2013-07,93.1,
ESTAT:STS_INPP_M(1.0),21/01/25 11:00:00,Monthly,Producer prices,"Industry (except construction, sewerage, waste management and remediation activities)",Unadjusted data (i.e. neither seasonally adjusted nor calendar adjusted data),"Index, 2021=100",Euro area – 20 countries (from 2023),2013-08,93.0,
ESTAT:STS_INPP_M(1.0),21/01/25 11:00:00,Monthly,Producer prices,"Industry (except construction, sewerage, waste management and remediation activities)",Unadjusted data (i.e. neither seasonally adjusted nor calendar adjusted data),"Index, 2021=100",Euro area – 20 countries (from 2023),2013-09,93.1,
ESTAT:STS_INPP_M(1.0),21/01/25 11:00:00,Monthly,Producer prices,"Industry (except construction, sewerage, waste management and remediation activities)",Unadjusted data (i.e. neither seasonally adjusted nor calendar adjusted data),"Index, 2021=100",Euro area – 20 countries (from 2023),2013-10,92.7,
ESTAT:STS_INPP_M(1.0),21/01/25 11:00:00,Monthly,Producer prices,"Industry (except construction, sewerage, waste management and remediation activities)",Unadjusted data (i.e. neither seasonally adjusted nor calendar adjusted data),"Index, 2021=100",Euro area – 20 countries (from 2023),2013-11,92.6,
ESTAT:STS_INPP_M(1.0),21/01/25 11:00:00,Monthly,Producer prices,"Industry (except construction, sewerage, waste management and remediation activities)",Unadjusted data (i.e. neither seasonally adjusted nor calendar adjusted data),"Index, 2021=100",Euro area – 20 countries (from 2023),2013-12,92.6,
ESTAT:STS_INPP_M(1.0),21/01/25 11:00:00,Monthly,Producer prices,"Industry (except construction, sewerage, waste management and remediation activities)",Unadjusted data (i.e. neither seasonally adjusted nor calendar adjusted data),"Index, 2021=100",Euro area – 20 countries (from 2023),2014-01,92.5,
ESTAT:STS_INPP_M(1.0),21/01/25 11:00:00,Monthly,Producer prices,"Industry (except construction, sewerage, waste management and remediation activities)",Unadjusted data (i.e. neither seasonally adjusted nor calendar adjusted data),"Index, 2021=100",Euro area – 20 countries (from 2023),2014-02,92.3,
ESTAT:STS_INPP_M(1.0),21/01/25 11:00:00,Monthly,Producer prices,"Industry (except construction, sewerage, waste management and remediation activities)",Unadjusted data (i.e. neither seasonally adjusted nor calendar adjusted data),"Index, 2021=100",Euro area – 20 countries (from 2023),2014-03,92.1,
ESTAT:STS_INPP_M(1.0),21/01/25 11:00:00,Monthly,Producer prices,"Industry (except construction, sewerage, waste management and remediation activities)",Unadjusted data (i.e. neither seasonally adjusted nor calendar adjusted data),"Index, 2021=100",Euro area – 20 countries (from 2023),2014-04,92.0,
ESTAT:STS_INPP_M(1.0),21/01/25 11:00:00,Monthly,Producer prices,"Industry (except construction, sewerage, waste management and remediation activities)",Unadjusted data (i.e. neither seasonally adjusted nor calendar adjusted data),"Index, 2021=100",Euro area – 20 countries (from 2023),2014-05,91.9,
ESTAT:STS_INPP_M(1.0),21/01/25 11:00:00,Monthly,Producer prices,"Industry (except construction, sewerage, waste management and remediation activities)",Unadjusted data (i.e. neither seasonally adjusted nor calendar adjusted data),"Index, 2021=100",Euro area – 20 countries (from 2023),2014-06,92.1,
ESTAT:STS_INPP_M(1.0),21/01/25 11:00:00,Monthly,Producer prices,"Industry (except construction, sewerage, waste management and remediation activities)",Unadjusted data (i.e. neither seasonally adjusted nor calendar adjusted data),"Index, 2021=100",Euro area – 20 countries (from 2023),2014-07,92.0,
ESTAT:STS_INPP_M(1.0),21/01/25 11:00:00,Monthly,Producer prices,"Industry (except construction, sewerage, waste management and remediation activities)",Unadjusted data (i.e. neither seasonally adjusted nor calendar adjusted data),"Index, 2021=100",Euro area – 20 countries (from 2023),2014-08,91.9,
ESTAT:STS_INPP_M(1.0),21/01/25 11:00:00,Monthly,Producer prices,"Industry (except construction, sewerage, waste management and remediation activities)",Unadjusted data (i.e. neither seasonally adjusted nor calendar adjusted data),"Index, 2021=100",Euro area – 20 countries (from 2023),2014-09,92.1,
ESTAT:STS_INPP_M(1.0),21/01/25 11:00:00,Monthly,Producer prices,"Industry (except construction, sewerage, waste management and remediation activities)",Unadjusted data (i.e. neither seasonally adjusted nor calendar adjusted data),"Index, 2021=100",Euro area – 20 countries (from 2023),2014-10,91.8,
ESTAT:STS_INPP_M(1.0),21/01/25 11:00:00,Monthly,Producer prices,"Industry (except construction, sewerage, waste management and remediation activities)",Unadjusted data (i.e. neither seasonally adjusted nor calendar adjusted data),"Index, 2021=100",Euro area – 20 countries (from 2023),2014-11,91.5,
ESTAT:STS_INPP_M(1.0),21/01/25 11:00:00,Monthly,Producer prices,"Industry (except construction, sewerage, waste management and remediation activities)",Unadjusted data (i.e. neither seasonally adjusted nor calendar adjusted data),"Index, 2021=100",Euro area – 20 countries (from 2023),2014-12,90.7,
ESTAT:STS_INPP_M(1.0),21/01/25 11:00:00,Monthly,Producer prices,"Industry (except construction, sewerage, waste management and remediation activities)",Unadjusted data (i.e. neither seasonally adjusted nor calendar adjusted data),"Index, 2021=100",Euro area – 20 countries (from 2023),2015-01,90.0,
ESTAT:STS_INPP_M(1.0),21/01/25 11:00:00,Monthly,Producer prices,"Industry (except construction, sewerage, waste management and remediation activities)",Unadjusted data (i.e. neither seasonally adjusted nor calendar adjusted data),"Index, 2021=100",Euro area – 20 countries (from 2023),2015-02,90.6,
ESTAT:STS_INPP_M(1.0),21/01/25 11:00:00,Monthly,Producer prices,"Industry (except construction, sewerage, waste management and remediation activities)",Unadjusted data (i.e. neither seasonally adjusted nor calendar adjusted data),"Index, 2021=100",Euro area – 20 countries (from 2023),2015-03,91.0,
ESTAT:STS_INPP_M(1.0),21/01/25 11:00:00,Monthly,Producer prices,"Industry (except construction, sewerage, waste management and remediation activities)",Unadjusted data (i.e. neither seasonally adjusted nor calendar adjusted data),"Index, 2021=100",Euro area – 20 countries (from 2023),2015-04,91.3,
ESTAT:STS_INPP_M(1.0),21/01/25 11:00:00,Monthly,Producer prices,"Industry (except construction, sewerage, waste management and remediation activities)",Unadjusted data (i.e. neither seasonally adjusted nor calendar adjusted data),"Index, 2021=100",Euro area – 20 countries (from 2023),2015-05,91.2,
ESTAT:STS_INPP_M(1.0),21/01/25 11:00:00,Monthly,Producer prices,"Industry (except construction, sewerage, waste management and remediation activities)",Unadjusted data (i.e. neither seasonally adjusted nor calendar adjusted data),"Index, 2021=100",Euro area – 20 countries (from 2023),2015-06,91.2,
ESTAT:STS_INPP_M(1.0),21/01/25 11:00:00,Monthly,Producer prices,"Industry (except construction, sewerage, waste management and remediation activities)",Unadjusted data (i.e. neither seasonally adjusted nor calendar adjusted data),"Index, 2021=100",Euro area – 20 countries (from 2023),2015-07,91.0,
ESTAT:STS_INPP_M(1.0),21/01/25 11:00:00,Monthly,Producer prices,"Industry (except construction, sewerage, waste management and remediation activities)",Unadjusted data (i.e. neither seasonally adjusted nor calendar adjusted data),"Index, 2021=100",Euro area – 20 countries (from 2023),2015-08,90.3,
ESTAT:STS_INPP_M(1.0),21/01/25 11:00:00,Monthly,Producer prices,"Industry (except construction, sewerage, waste management and remediation activities)",Unadjusted data (i.e. neither seasonally adjusted nor calendar adjusted data),"Index, 2021=100",Euro area – 20 countries (from 2023),2015-09,89.9,
ESTAT:STS_INPP_M(1.0),21/01/25 11:00:00,Monthly,Producer prices,"Industry (except construction, sewerage, waste management and remediation activities)",Unadjusted data (i.e. neither seasonally adjusted nor calendar adjusted data),"Index, 2021=100",Euro area – 20 countries (from 2023),2015-10,89.6,
ESTAT:STS_INPP_M(1.0),21/01/25 11:00:00,Monthly,Producer prices,"Industry (except construction, sewerage, waste management and remediation activities)",Unadjusted data (i.e. neither seasonally adjusted nor calendar adjusted data),"Index, 2021=100",Euro area – 20 countries (from 2023),2015-11,89.7,
ESTAT:STS_INPP_M(1.0),21/01/25 11:00:00,Monthly,Producer prices,"Industry (except construction, sewerage, waste management and remediation activities)",Unadjusted data (i.e. neither seasonally adjusted nor calendar adjusted data),"Index, 2021=100",Euro area – 20 countries (from 2023),2015-12,89.0,
ESTAT:STS_INPP_M(1.0),21/01/25 11:00:00,Monthly,Producer prices,"Industry (except construction, sewerage, waste management and remediation activities)",Unadjusted data (i.e. neither seasonally adjusted nor calendar adjusted data),"Index, 2021=100",Euro area – 20 countries (from 2023),2016-01,88.2,
ESTAT:STS_INPP_M(1.0),21/01/25 11:00:00,Monthly,Producer prices,"Industry (except construction, sewerage, waste management and remediation activities)",Unadjusted data (i.e. neither seasonally adjusted nor calendar adjusted data),"Index, 2021=100",Euro area – 20 countries (from 2023),2016-02,87.6,
ESTAT:STS_INPP_M(1.0),21/01/25 11:00:00,Monthly,Producer prices,"Industry (except construction, sewerage, waste management and remediation activities)",Unadjusted data (i.e. neither seasonally adjusted nor calendar adjusted data),"Index, 2021=100",Euro area – 20 countries (from 2023),2016-03,87.8,
ESTAT:STS_INPP_M(1.0),21/01/25 11:00:00,Monthly,Producer prices,"Industry (except construction, sewerage, waste management and remediation activities)",Unadjusted data (i.e. neither seasonally adjusted nor calendar adjusted data),"Index, 2021=100",Euro area – 20 countries (from 2023),2016-04,87.6,
ESTAT:STS_INPP_M(1.0),21/01/25 11:00:00,Monthly,Producer prices,"Industry (except construction, sewerage, waste management and remediation activities)",Unadjusted data (i.e. neither seasonally adjusted nor calendar adjusted data),"Index, 2021=100",Euro area – 20 countries (from 2023),2016-05,88.1,
ESTAT:STS_INPP_M(1.0),21/01/25 11:00:00,Monthly,Producer prices,"Industry (except construction, sewerage, waste management and remediation activities)",Unadjusted data (i.e. neither seasonally adjusted nor calendar adjusted data),"Index, 2021=100",Euro area – 20 countries (from 2023),2016-06,88.6,
ESTAT:STS_INPP_M(1.0),21/01/25 11:00:00,Monthly,Producer prices,"Industry (except construction, sewerage, waste management and remediation activities)",Unadjusted data (i.e. neither seasonally adjusted nor calendar adjusted data),"Index, 2021=100",Euro area – 20 countries (from 2023),2016-07,88.8,
ESTAT:STS_INPP_M(1.0),21/01/25 11:00:00,Monthly,Producer prices,"Industry (except construction, sewerage, waste management and remediation activities)",Unadjusted data (i.e. neither seasonally adjusted nor calendar adjusted data),"Index, 2021=100",Euro area – 20 countries (from 2023),2016-08,88.8,
ESTAT:STS_INPP_M(1.0),21/01/25 11:00:00,Monthly,Producer prices,"Industry (except construction, sewerage, waste management and remediation activities)",Unadjusted data (i.e. neither seasonally adjusted nor calendar adjusted data),"Index, 2021=100",Euro area – 20 countries (from 2023),2016-09,88.8,
ESTAT:STS_INPP_M(1.0),21/01/25 11:00:00,Monthly,Producer prices,"Industry (except construction, sewerage, waste management and remediation activities)",Unadjusted data (i.e. neither seasonally adjusted nor calendar adjusted data),"Index, 2021=100",Euro area – 20 countries (from 2023),2016-10,89.4,
ESTAT:STS_INPP_M(1.0),21/01/25 11:00:00,Monthly,Producer prices,"Industry (except construction, sewerage, waste management and remediation activities)",Unadjusted data (i.e. neither seasonally adjusted nor calendar adjusted data),"Index, 2021=100",Euro area – 20 countries (from 2023),2016-11,89.8,
ESTAT:STS_INPP_M(1.0),21/01/25 11:00:00,Monthly,Producer prices,"Industry (except construction, sewerage, waste management and remediation activities)",Unadjusted data (i.e. neither seasonally adjusted nor calendar adjusted data),"Index, 2021=100",Euro area – 20 countries (from 2023),2016-12,90.5,
ESTAT:STS_INPP_M(1.0),21/01/25 11:00:00,Monthly,Producer prices,"Industry (except construction, sewerage, waste management and remediation activities)",Unadjusted data (i.e. neither seasonally adjusted nor calendar adjusted data),"Index, 2021=100",Euro area – 20 countries (from 2023),2017-01,91.2,
ESTAT:STS_INPP_M(1.0),21/01/25 11:00:00,Monthly,Producer prices,"Industry (except construction, sewerage, waste management and remediation activities)",Unadjusted data (i.e. neither seasonally adjusted nor calendar adjusted data),"Index, 2021=100",Euro area – 20 countries (from 2023),2017-02,91.3,
ESTAT:STS_INPP_M(1.0),21/01/25 11:00:00,Monthly,Producer prices,"Industry (except construction, sewerage, waste management and remediation activities)",Unadjusted data (i.e. neither seasonally adjusted nor calendar adjusted data),"Index, 2021=100",Euro area – 20 countries (from 2023),2017-03,91.1,
ESTAT:STS_INPP_M(1.0),21/01/25 11:00:00,Monthly,Producer prices,"Industry (except construction, sewerage, waste management and remediation activities)",Unadjusted data (i.e. neither seasonally adjusted nor calendar adjusted data),"Index, 2021=100",Euro area – 20 countries (from 2023),2017-04,91.3,
ESTAT:STS_INPP_M(1.0),21/01/25 11:00:00,Monthly,Producer prices,"Industry (except construction, sewerage, waste management and remediation activities)",Unadjusted data (i.e. neither seasonally adjusted nor calendar adjusted data),"Index, 2021=100",Euro area – 20 countries (from 2023),2017-05,90.9,
ESTAT:STS_INPP_M(1.0),21/01/25 11:00:00,Monthly,Producer prices,"Industry (except construction, sewerage, waste management and remediation activities)",Unadjusted data (i.e. neither seasonally adjusted nor calendar adjusted data),"Index, 2021=100",Euro area – 20 countries (from 2023),2017-06,90.6,
ESTAT:STS_INPP_M(1.0),21/01/25 11:00:00,Monthly,Producer prices,"Industry (except construction, sewerage, waste management and remediation activities)",Unadjusted data (i.e. neither seasonally adjusted nor calendar adjusted data),"Index, 2021=100",Euro area – 20 countries (from 2023),2017-07,90.5,
ESTAT:STS_INPP_M(1.0),21/01/25 11:00:00,Monthly,Producer prices,"Industry (except construction, sewerage, waste management and remediation activities)",Unadjusted data (i.e. neither seasonally adjusted nor calendar adjusted data),"Index, 2021=100",Euro area – 20 countries (from 2023),2017-08,90.6,
ESTAT:STS_INPP_M(1.0),21/01/25 11:00:00,Monthly,Producer prices,"Industry (except construction, sewerage, waste management and remediation activities)",Unadjusted data (i.e. neither seasonally adjusted nor calendar adjusted data),"Index, 2021=100",Euro area – 20 countries (from 2023),2017-09,90.9,
ESTAT:STS_INPP_M(1.0),21/01/25 11:00:00,Monthly,Producer prices,"Industry (except construction, sewerage, waste management and remediation activities)",Unadjusted data (i.e. neither seasonally adjusted nor calendar adjusted data),"Index, 2021=100",Euro area – 20 countries (from 2023),2017-10,90.9,
ESTAT:STS_INPP_M(1.0),21/01/25 11:00:00,Monthly,Producer prices,"Industry (except construction, sewerage, waste management and remediation activities)",Unadjusted data (i.e. neither seasonally adjusted nor calendar adjusted data),"Index, 2021=100",Euro area – 20 countries (from 2023),2017-11,91.5,
ESTAT:STS_INPP_M(1.0),21/01/25 11:00:00,Monthly,Producer prices,"Industry (except construction, sewerage, waste management and remediation activities)",Unadjusted data (i.e. neither seasonally adjusted nor calendar adjusted data),"Index, 2021=100",Euro area – 20 countries (from 2023),2017-12,91.8,
ESTAT:STS_INPP_M(1.0),21/01/25 11:00:00,Monthly,Producer prices,"Industry (except construction, sewerage, waste management and remediation activities)",Unadjusted data (i.e. neither seasonally adjusted nor calendar adjusted data),"Index, 2021=100",Euro area – 20 countries (from 2023),2018-01,92.2,
ESTAT:STS_INPP_M(1.0),21/01/25 11:00:00,Monthly,Producer prices,"Industry (except construction, sewerage, waste management and remediation activities)",Unadjusted data (i.e. neither seasonally adjusted nor calendar adjusted data),"Index, 2021=100",Euro area – 20 countries (from 2023),2018-02,92.2,
ESTAT:STS_INPP_M(1.0),21/01/25 11:00:00,Monthly,Producer prices,"Industry (except construction, sewerage, waste management and remediation activities)",Unadjusted data (i.e. neither seasonally adjusted nor calendar adjusted data),"Index, 2021=100",Euro area – 20 countries (from 2023),2018-03,92.2,
ESTAT:STS_INPP_M(1.0),21/01/25 11:00:00,Monthly,Producer prices,"Industry (except construction, sewerage, waste management and remediation activities)",Unadjusted data (i.e. neither seasonally adjusted nor calendar adjusted data),"Index, 2021=100",Euro area – 20 countries (from 2023),2018-04,92.3,
ESTAT:STS_INPP_M(1.0),21/01/25 11:00:00,Monthly,Producer prices,"Industry (except construction, sewerage, waste management and remediation activities)",Unadjusted data (i.e. neither seasonally adjusted nor calendar adjusted data),"Index, 2021=100",Euro area – 20 countries (from 2023),2018-05,93.0,
ESTAT:STS_INPP_M(1.0),21/01/25 11:00:00,Monthly,Producer prices,"Industry (except construction, sewerage, waste management and remediation activities)",Unadjusted data (i.e. neither seasonally adjusted nor calendar adjusted data),"Index, 2021=100",Euro area – 20 countries (from 2023),2018-06,93.4,
ESTAT:STS_INPP_M(1.0),21/01/25 11:00:00,Monthly,Producer prices,"Industry (except construction, sewerage, waste management and remediation activities)",Unadjusted data (i.e. neither seasonally adjusted nor calendar adjusted data),"Index, 2021=100",Euro area – 20 countries (from 2023),2018-07,93.8,
ESTAT:STS_INPP_M(1.0),21/01/25 11:00:00,Monthly,Producer prices,"Industry (except construction, sewerage, waste management and remediation activities)",Unadjusted data (i.e. neither seasonally adjusted nor calendar adjusted data),"Index, 2021=100",Euro area – 20 countries (from 2023),2018-08,94.1,
ESTAT:STS_INPP_M(1.0),21/01/25 11:00:00,Monthly,Producer prices,"Industry (except construction, sewerage, waste management and remediation activities)",Unadjusted data (i.e. neither seasonally adjusted nor calendar adjusted data),"Index, 2021=100",Euro area – 20 countries (from 2023),2018-09,94.4,
ESTAT:STS_INPP_M(1.0),21/01/25 11:00:00,Monthly,Producer prices,"Industry (except construction, sewerage, waste management and remediation activities)",Unadjusted data (i.e. neither seasonally adjusted nor calendar adjusted data),"Index, 2021=100",Euro area – 20 countries (from 2023),2018-10,94.7,
ESTAT:STS_INPP_M(1.0),21/01/25 11:00:00,Monthly,Producer prices,"Industry (except construction, sewerage, waste management and remediation activities)",Unadjusted data (i.e. neither seasonally adjusted nor calendar adjusted data),"Index, 2021=100",Euro area – 20 countries (from 2023),2018-11,94.5,
ESTAT:STS_INPP_M(1.0),21/01/25 11:00:00,Monthly,Producer prices,"Industry (except construction, sewerage, waste management and remediation activities)",Unadjusted data (i.e. neither seasonally adjusted nor calendar adjusted data),"Index, 2021=100",Euro area – 20 countries (from 2023),2018-12,93.9,
ESTAT:STS_INPP_M(1.0),21/01/25 11:00:00,Monthly,Producer prices,"Industry (except construction, sewerage, waste management and remediation activities)",Unadjusted data (i.e. neither seasonally adjusted nor calendar adjusted data),"Index, 2021=100",Euro area – 20 countries (from 2023),2019-01,94.1,
ESTAT:STS_INPP_M(1.0),21/01/25 11:00:00,Monthly,Producer prices,"Industry (except construction, sewerage, waste management and remediation activities)",Unadjusted data (i.e. neither seasonally adjusted nor calendar adjusted data),"Index, 2021=100",Euro area – 20 countries (from 2023),2019-02,94.1,
ESTAT:STS_INPP_M(1.0),21/01/25 11:00:00,Monthly,Producer prices,"Industry (except construction, sewerage, waste management and remediation activities)",Unadjusted data (i.e. neither seasonally adjusted nor calendar adjusted data),"Index, 2021=100",Euro area – 20 countries (from 2023),2019-03,94.2,
ESTAT:STS_INPP_M(1.0),21/01/25 11:00:00,Monthly,Producer prices,"Industry (except construction, sewerage, waste management and remediation activities)",Unadjusted data (i.e. neither seasonally adjusted nor calendar adjusted data),"Index, 2021=100",Euro area – 20 countries (from 2023),2019-04,94.2,
ESTAT:STS_INPP_M(1.0),21/01/25 11:00:00,Monthly,Producer prices,"Industry (except construction, sewerage, waste management and remediation activities)",Unadjusted data (i.e. neither seasonally adjusted nor calendar adjusted data),"Index, 2021=100",Euro area – 20 countries (from 2023),2019-05,94.1,
ESTAT:STS_INPP_M(1.0),21/01/25 11:00:00,Monthly,Producer prices,"Industry (except construction, sewerage, waste management and remediation activities)",Unadjusted data (i.e. neither seasonally adjusted nor calendar adjusted data),"Index, 2021=100",Euro area – 20 countries (from 2023),2019-06,93.7,
ESTAT:STS_INPP_M(1.0),21/01/25 11:00:00,Monthly,Producer prices,"Industry (except construction, sewerage, waste management and remediation activities)",Unadjusted data (i.e. neither seasonally adjusted nor calendar adjusted data),"Index, 2021=100",Euro area – 20 countries (from 2023),2019-07,93.7,
ESTAT:STS_INPP_M(1.0),21/01/25 11:00:00,Monthly,Producer prices,"Industry (except construction, sewerage, waste management and remediation activities)",Unadjusted data (i.e. neither seasonally adjusted nor calendar adjusted data),"Index, 2021=100",Euro area – 20 countries (from 2023),2019-08,93.4,
ESTAT:STS_INPP_M(1.0),21/01/25 11:00:00,Monthly,Producer prices,"Industry (except construction, sewerage, waste management and remediation activities)",Unadjusted data (i.e. neither seasonally adjusted nor calendar adjusted data),"Index, 2021=100",Euro area – 20 countries (from 2023),2019-09,93.6,
ESTAT:STS_INPP_M(1.0),21/01/25 11:00:00,Monthly,Producer prices,"Industry (except construction, sewerage, waste management and remediation activities)",Unadjusted data (i.e. neither seasonally adjusted nor calendar adjusted data),"Index, 2021=100",Euro area – 20 countries (from 2023),2019-10,93.3,
ESTAT:STS_INPP_M(1.0),21/01/25 11:00:00,Monthly,Producer prices,"Industry (except construction, sewerage, waste management and remediation activities)",Unadjusted data (i.e. neither seasonally adjusted nor calendar adjusted data),"Index, 2021=100",Euro area – 20 countries (from 2023),2019-11,93.5,
ESTAT:STS_INPP_M(1.0),21/01/25 11:00:00,Monthly,Producer prices,"Industry (except construction, sewerage, waste management and remediation activities)",Unadjusted data (i.e. neither seasonally adjusted nor calendar adjusted data),"Index, 2021=100",Euro area – 20 countries (from 2023),2019-12,93.6,
ESTAT:STS_INPP_M(1.0),21/01/25 11:00:00,Monthly,Producer prices,"Industry (except construction, sewerage, waste management and remediation activities)",Unadjusted data (i.e. neither seasonally adjusted nor calendar adjusted data),"Index, 2021=100",Euro area – 20 countries (from 2023),2020-01,93.6,
ESTAT:STS_INPP_M(1.0),21/01/25 11:00:00,Monthly,Producer prices,"Industry (except construction, sewerage, waste management and remediation activities)",Unadjusted data (i.e. neither seasonally adjusted nor calendar adjusted data),"Index, 2021=100",Euro area – 20 countries (from 2023),2020-02,93.3,
ESTAT:STS_INPP_M(1.0),21/01/25 11:00:00,Monthly,Producer prices,"Industry (except construction, sewerage, waste management and remediation activities)",Unadjusted data (i.e. neither seasonally adjusted nor calendar adjusted data),"Index, 2021=100",Euro area – 20 countries (from 2023),2020-03,91.9,
ESTAT:STS_INPP_M(1.0),21/01/25 11:00:00,Monthly,Producer prices,"Industry (except construction, sewerage, waste management and remediation activities)",Unadjusted data (i.e. neither seasonally adjusted nor calendar adjusted data),"Index, 2021=100",Euro area – 20 countries (from 2023),2020-04,90.3,
ESTAT:STS_INPP_M(1.0),21/01/25 11:00:00,Monthly,Producer prices,"Industry (except construction, sewerage, waste management and remediation activities)",Unadjusted data (i.e. neither seasonally adjusted nor calendar adjusted data),"Index, 2021=100",Euro area – 20 countries (from 2023),2020-05,90.0,
ESTAT:STS_INPP_M(1.0),21/01/25 11:00:00,Monthly,Producer prices,"Industry (except construction, sewerage, waste management and remediation activities)",Unadjusted data (i.e. neither seasonally adjusted nor calendar adjusted data),"Index, 2021=100",Euro area – 20 countries (from 2023),2020-06,90.4,
ESTAT:STS_INPP_M(1.0),21/01/25 11:00:00,Monthly,Producer prices,"Industry (except construction, sewerage, waste management and remediation activities)",Unadjusted data (i.e. neither seasonally adjusted nor calendar adjusted data),"Index, 2021=100",Euro area – 20 countries (from 2023),2020-07,90.8,
ESTAT:STS_INPP_M(1.0),21/01/25 11:00:00,Monthly,Producer prices,"Industry (except construction, sewerage, waste management and remediation activities)",Unadjusted data (i.e. neither seasonally adjusted nor calendar adjusted data),"Index, 2021=100",Euro area – 20 countries (from 2023),2020-08,90.8,
ESTAT:STS_INPP_M(1.0),21/01/25 11:00:00,Monthly,Producer prices,"Industry (except construction, sewerage, waste management and remediation activities)",Unadjusted data (i.e. neither seasonally adjusted nor calendar adjusted data),"Index, 2021=100",Euro area – 20 countries (from 2023),2020-09,91.0,
ESTAT:STS_INPP_M(1.0),21/01/25 11:00:00,Monthly,Producer prices,"Industry (except construction, sewerage, waste management and remediation activities)",Unadjusted data (i.e. neither seasonally adjusted nor calendar adjusted data),"Index, 2021=100",Euro area – 20 countries (from 2023),2020-10,91.2,
ESTAT:STS_INPP_M(1.0),21/01/25 11:00:00,Monthly,Producer prices,"Industry (except construction, sewerage, waste management and remediation activities)",Unadjusted data (i.e. neither seasonally adjusted nor calendar adjusted data),"Index, 2021=100",Euro area – 20 countries (from 2023),2020-11,91.4,
ESTAT:STS_INPP_M(1.0),21/01/25 11:00:00,Monthly,Producer prices,"Industry (except construction, sewerage, waste management and remediation activities)",Unadjusted data (i.e. neither seasonally adjusted nor calendar adjusted data),"Index, 2021=100",Euro area – 20 countries (from 2023),2020-12,91.8,
ESTAT:STS_INPP_M(1.0),21/01/25 11:00:00,Monthly,Producer prices,"Industry (except construction, sewerage, waste management and remediation activities)",Unadjusted data (i.e. neither seasonally adjusted nor calendar adjusted data),"Index, 2021=100",Euro area – 20 countries (from 2023),2021-01,93.3,
ESTAT:STS_INPP_M(1.0),21/01/25 11:00:00,Monthly,Producer prices,"Industry (except construction, sewerage, waste management and remediation activities)",Unadjusted data (i.e. neither seasonally adjusted nor calendar adjusted data),"Index, 2021=100",Euro area – 20 countries (from 2023),2021-02,93.9,
ESTAT:STS_INPP_M(1.0),21/01/25 11:00:00,Monthly,Producer prices,"Industry (except construction, sewerage, waste management and remediation activities)",Unadjusted data (i.e. neither seasonally adjusted nor calendar adjusted data),"Index, 2021=100",Euro area – 20 countries (from 2023),2021-03,94.9,
ESTAT:STS_INPP_M(1.0),21/01/25 11:00:00,Monthly,Producer prices,"Industry (except construction, sewerage, waste management and remediation activities)",Unadjusted data (i.e. neither seasonally adjusted nor calendar adjusted data),"Index, 2021=100",Euro area – 20 countries (from 2023),2021-04,95.8,
ESTAT:STS_INPP_M(1.0),21/01/25 11:00:00,Monthly,Producer prices,"Industry (except construction, sewerage, waste management and remediation activities)",Unadjusted data (i.e. neither seasonally adjusted nor calendar adjusted data),"Index, 2021=100",Euro area – 20 countries (from 2023),2021-05,96.7,
ESTAT:STS_INPP_M(1.0),21/01/25 11:00:00,Monthly,Producer prices,"Industry (except construction, sewerage, waste management and remediation activities)",Unadjusted data (i.e. neither seasonally adjusted nor calendar adjusted data),"Index, 2021=100",Euro area – 20 countries (from 2023),2021-06,97.9,
ESTAT:STS_INPP_M(1.0),21/01/25 11:00:00,Monthly,Producer prices,"Industry (except construction, sewerage, waste management and remediation activities)",Unadjusted data (i.e. neither seasonally adjusted nor calendar adjusted data),"Index, 2021=100",Euro area – 20 countries (from 2023),2021-07,99.8,
ESTAT:STS_INPP_M(1.0),21/01/25 11:00:00,Monthly,Producer prices,"Industry (except construction, sewerage, waste management and remediation activities)",Unadjusted data (i.e. neither seasonally adjusted nor calendar adjusted data),"Index, 2021=100",Euro area – 20 countries (from 2023),2021-08,100.7,
ESTAT:STS_INPP_M(1.0),21/01/25 11:00:00,Monthly,Producer prices,"Industry (except construction, sewerage, waste management and remediation activities)",Unadjusted data (i.e. neither seasonally adjusted nor calendar adjusted data),"Index, 2021=100",Euro area – 20 countries (from 2023),2021-09,102.6,
ESTAT:STS_INPP_M(1.0),21/01/25 11:00:00,Monthly,Producer prices,"Industry (except construction, sewerage, waste management and remediation activities)",Unadjusted data (i.e. neither seasonally adjusted nor calendar adjusted data),"Index, 2021=100",Euro area – 20 countries (from 2023),2021-10,106.4,
ESTAT:STS_INPP_M(1.0),21/01/25 11:00:00,Monthly,Producer prices,"Industry (except construction, sewerage, waste management and remediation activities)",Unadjusted data (i.e. neither seasonally adjusted nor calendar adjusted data),"Index, 2021=100",Euro area – 20 countries (from 2023),2021-11,107.9,
ESTAT:STS_INPP_M(1.0),21/01/25 11:00:00,Monthly,Producer prices,"Industry (except construction, sewerage, waste management and remediation activities)",Unadjusted data (i.e. neither seasonally adjusted nor calendar adjusted data),"Index, 2021=100",Euro area – 20 countries (from 2023),2021-12,110.0,
ESTAT:STS_INPP_M(1.0),21/01/25 11:00:00,Monthly,Producer prices,"Industry (except construction, sewerage, waste management and remediation activities)",Unadjusted data (i.e. neither seasonally adjusted nor calendar adjusted data),"Index, 2021=100",Euro area – 20 countries (from 2023),2022-01,114.7,
ESTAT:STS_INPP_M(1.0),21/01/25 11:00:00,Monthly,Producer prices,"Industry (except construction, sewerage, waste management and remediation activities)",Unadjusted data (i.e. neither seasonally adjusted nor calendar adjusted data),"Index, 2021=100",Euro area – 20 countries (from 2023),2022-02,115.9,
ESTAT:STS_INPP_M(1.0),21/01/25 11:00:00,Monthly,Producer prices,"Industry (except construction, sewerage, waste management and remediation activities)",Unadjusted data (i.e. neither seasonally adjusted nor calendar adjusted data),"Index, 2021=100",Euro area – 20 countries (from 2023),2022-03,121.1,
ESTAT:STS_INPP_M(1.0),21/01/25 11:00:00,Monthly,Producer prices,"Industry (except construction, sewerage, waste management and remediation activities)",Unadjusted data (i.e. neither seasonally adjusted nor calendar adjusted data),"Index, 2021=100",Euro area – 20 countries (from 2023),2022-04,122.8,
ESTAT:STS_INPP_M(1.0),21/01/25 11:00:00,Monthly,Producer prices,"Industry (except construction, sewerage, waste management and remediation activities)",Unadjusted data (i.e. neither seasonally adjusted nor calendar adjusted data),"Index, 2021=100",Euro area – 20 countries (from 2023),2022-05,123.8,
ESTAT:STS_INPP_M(1.0),21/01/25 11:00:00,Monthly,Producer prices,"Industry (except construction, sewerage, waste management and remediation activities)",Unadjusted data (i.e. neither seasonally adjusted nor calendar adjusted data),"Index, 2021=100",Euro area – 20 countries (from 2023),2022-06,125.5,
ESTAT:STS_INPP_M(1.0),21/01/25 11:00:00,Monthly,Producer prices,"Industry (except construction, sewerage, waste management and remediation activities)",Unadjusted data (i.e. neither seasonally adjusted nor calendar adjusted data),"Index, 2021=100",Euro area – 20 countries (from 2023),2022-07,128.8,
ESTAT:STS_INPP_M(1.0),21/01/25 11:00:00,Monthly,Producer prices,"Industry (except construction, sewerage, waste management and remediation activities)",Unadjusted data (i.e. neither seasonally adjusted nor calendar adjusted data),"Index, 2021=100",Euro area – 20 countries (from 2023),2022-08,132.4,
ESTAT:STS_INPP_M(1.0),21/01/25 11:00:00,Monthly,Producer prices,"Industry (except construction, sewerage, waste management and remediation activities)",Unadjusted data (i.e. neither seasonally adjusted nor calendar adjusted data),"Index, 2021=100",Euro area – 20 countries (from 2023),2022-09,133.6,
ESTAT:STS_INPP_M(1.0),21/01/25 11:00:00,Monthly,Producer prices,"Industry (except construction, sewerage, waste management and remediation activities)",Unadjusted data (i.e. neither seasonally adjusted nor calendar adjusted data),"Index, 2021=100",Euro area – 20 countries (from 2023),2022-10,131.7,
ESTAT:STS_INPP_M(1.0),21/01/25 11:00:00,Monthly,Producer prices,"Industry (except construction, sewerage, waste management and remediation activities)",Unadjusted data (i.e. neither seasonally adjusted nor calendar adjusted data),"Index, 2021=100",Euro area – 20 countries (from 2023),2022-11,130.6,
ESTAT:STS_INPP_M(1.0),21/01/25 11:00:00,Monthly,Producer prices,"Industry (except construction, sewerage, waste management and remediation activities)",Unadjusted data (i.e. neither seasonally adjusted nor calendar adjusted data),"Index, 2021=100",Euro area – 20 countries (from 2023),2022-12,131.0,
ESTAT:STS_INPP_M(1.0),21/01/25 11:00:00,Monthly,Producer prices,"Industry (except construction, sewerage, waste management and remediation activities)",Unadjusted data (i.e. neither seasonally adjusted nor calendar adjusted data),"Index, 2021=100",Euro area – 20 countries (from 2023),2023-01,129.0,
ESTAT:STS_INPP_M(1.0),21/01/25 11:00:00,Monthly,Producer prices,"Industry (except construction, sewerage, waste management and remediation activities)",Unadjusted data (i.e. neither seasonally adjusted nor calendar adjusted data),"Index, 2021=100",Euro area – 20 countries (from 2023),2023-02,128.5,
ESTAT:STS_INPP_M(1.0),21/01/25 11:00:00,Monthly,Producer prices,"Industry (except construction, sewerage, waste management and remediation activities)",Unadjusted data (i.e. neither seasonally adjusted nor calendar adjusted data),"Index, 2021=100",Euro area – 20 countries (from 2023),2023-03,127.5,
ESTAT:STS_INPP_M(1.0),21/01/25 11:00:00,Monthly,Producer prices,"Industry (except construction, sewerage, waste management and remediation activities)",Unadjusted data (i.e. neither seasonally adjusted nor calendar adjusted data),"Index, 2021=100",Euro area – 20 countries (from 2023),2023-04,124.7,
ESTAT:STS_INPP_M(1.0),21/01/25 11:00:00,Monthly,Producer prices,"Industry (except construction, sewerage, waste management and remediation activities)",Unadjusted data (i.e. neither seasonally adjusted nor calendar adjusted data),"Index, 2021=100",Euro area – 20 countries (from 2023),2023-05,123.0,
ESTAT:STS_INPP_M(1.0),21/01/25 11:00:00,Monthly,Producer prices,"Industry (except construction, sewerage, waste management and remediation activities)",Unadjusted data (i.e. neither seasonally adjusted nor calendar adjusted data),"Index, 2021=100",Euro area – 20 countries (from 2023),2023-06,122.8,
ESTAT:STS_INPP_M(1.0),21/01/25 11:00:00,Monthly,Producer prices,"Industry (except construction, sewerage, waste management and remediation activities)",Unadjusted data (i.e. neither seasonally adjusted nor calendar adjusted data),"Index, 2021=100",Euro area – 20 countries (from 2023),2023-07,122.2,
ESTAT:STS_INPP_M(1.0),21/01/25 11:00:00,Monthly,Producer prices,"Industry (except construction, sewerage, waste management and remediation activities)",Unadjusted data (i.e. neither seasonally adjusted nor calendar adjusted data),"Index, 2021=100",Euro area – 20 countries (from 2023),2023-08,122.9,
ESTAT:STS_INPP_M(1.0),21/01/25 11:00:00,Monthly,Producer prices,"Industry (except construction, sewerage, waste management and remediation activities)",Unadjusted data (i.e. neither seasonally adjusted nor calendar adjusted data),"Index, 2021=100",Euro area – 20 countries (from 2023),2023-09,123.7,
ESTAT:STS_INPP_M(1.0),21/01/25 11:00:00,Monthly,Producer prices,"Industry (except construction, sewerage, waste management and remediation activities)",Unadjusted data (i.e. neither seasonally adjusted nor calendar adjusted data),"Index, 2021=100",Euro area – 20 countries (from 2023),2023-10,123.7,
ESTAT:STS_INPP_M(1.0),21/01/25 11:00:00,Monthly,Producer prices,"Industry (except construction, sewerage, waste management and remediation activities)",Unadjusted data (i.e. neither seasonally adjusted nor calendar adjusted data),"Index, 2021=100",Euro area – 20 countries (from 2023),2023-11,123.0,
ESTAT:STS_INPP_M(1.0),21/01/25 11:00:00,Monthly,Producer prices,"Industry (except construction, sewerage, waste management and remediation activities)",Unadjusted data (i.e. neither seasonally adjusted nor calendar adjusted data),"Index, 2021=100",Euro area – 20 countries (from 2023),2023-12,122.2,
ESTAT:STS_INPP_M(1.0),21/01/25 11:00:00,Monthly,Producer prices,"Industry (except construction, sewerage, waste management and remediation activities)",Unadjusted data (i.e. neither seasonally adjusted nor calendar adjusted data),"Index, 2021=100",Euro area – 20 countries (from 2023),2024-01,121.7,
ESTAT:STS_INPP_M(1.0),21/01/25 11:00:00,Monthly,Producer prices,"Industry (except construction, sewerage, waste management and remediation activities)",Unadjusted data (i.e. neither seasonally adjusted nor calendar adjusted data),"Index, 2021=100",Euro area – 20 countries (from 2023),2024-02,120.9,
ESTAT:STS_INPP_M(1.0),21/01/25 11:00:00,Monthly,Producer prices,"Industry (except construction, sewerage, waste management and remediation activities)",Unadjusted data (i.e. neither seasonally adjusted nor calendar adjusted data),"Index, 2021=100",Euro area – 20 countries (from 2023),2024-03,120.6,
ESTAT:STS_INPP_M(1.0),21/01/25 11:00:00,Monthly,Producer prices,"Industry (except construction, sewerage, waste management and remediation activities)",Unadjusted data (i.e. neither seasonally adjusted nor calendar adjusted data),"Index, 2021=100",Euro area – 20 countries (from 2023),2024-04,120.1,
ESTAT:STS_INPP_M(1.0),21/01/25 11:00:00,Monthly,Producer prices,"Industry (except construction, sewerage, waste management and remediation activities)",Unadjusted data (i.e. neither seasonally adjusted nor calendar adjusted data),"Index, 2021=100",Euro area – 20 countries (from 2023),2024-05,119.9,
ESTAT:STS_INPP_M(1.0),21/01/25 11:00:00,Monthly,Producer prices,"Industry (except construction, sewerage, waste management and remediation activities)",Unadjusted data (i.e. neither seasonally adjusted nor calendar adjusted data),"Index, 2021=100",Euro area – 20 countries (from 2023),2024-06,120.4,
ESTAT:STS_INPP_M(1.0),21/01/25 11:00:00,Monthly,Producer prices,"Industry (except construction, sewerage, waste management and remediation activities)",Unadjusted data (i.e. neither seasonally adjusted nor calendar adjusted data),"Index, 2021=100",Euro area – 20 countries (from 2023),2024-07,120.9,
ESTAT:STS_INPP_M(1.0),21/01/25 11:00:00,Monthly,Producer prices,"Industry (except construction, sewerage, waste management and remediation activities)",Unadjusted data (i.e. neither seasonally adjusted nor calendar adjusted data),"Index, 2021=100",Euro area – 20 countries (from 2023),2024-08,121.1,
ESTAT:STS_INPP_M(1.0),21/01/25 11:00:00,Monthly,Producer prices,"Industry (except construction, sewerage, waste management and remediation activities)",Unadjusted data (i.e. neither seasonally adjusted nor calendar adjusted data),"Index, 2021=100",Euro area – 20 countries (from 2023),2024-09,120.6,
ESTAT:STS_INPP_M(1.0),21/01/25 11:00:00,Monthly,Producer prices,"Industry (except construction, sewerage, waste management and remediation activities)",Unadjusted data (i.e. neither seasonally adjusted nor calendar adjusted data),"Index, 2021=100",Euro area – 20 countries (from 2023),2024-10,121.0,
ESTAT:STS_INPP_M(1.0),21/01/25 11:00:00,Monthly,Producer prices,"Industry (except construction, sewerage, waste management and remediation activities)",Unadjusted data (i.e. neither seasonally adjusted nor calendar adjusted data),"Index, 2021=100",Euro area – 20 countries (from 2023),2024-11,122.5,
